Jam,Menit,Hari_Jumat,Hari_Kamis,Hari_Minggu,Hari_Rabu,Hari_Sabtu,Hari_Selasa,Hari_Senin,Motor,Mobil,Bus,Truk,Total_Kendaraan,Label_S1,Label_S2
6,40,0,0,0,0,0,0,1,676,153,5,1,835,Rendah,Sedang
6,50,0,0,0,0,0,0,1,866,141,9,1,1017,Rendah,Rendah
7,10,0,0,0,0,0,0,1,647,118,7,5,777,Sedang,Sedang
7,20,0,0,0,0,0,0,1,687,137,12,0,836,Tinggi,Tinggi
7,30,0,0,0,0,0,0,1,300,69,4,3,376,Rendah,Rendah
8,20,0,0,0,0,0,0,1,821,146,6,4,977,Rendah,Rendah
8,30,0,0,0,0,0,0,1,624,189,10,2,825,Tinggi,Tinggi
8,40,0,0,0,0,0,0,1,585,170,13,4,772,Rendah,Sedang
8,50,0,0,0,0,0,0,1,614,152,5,5,776,Sedang,Sedang
15,10,0,0,0,0,0,0,1,587,262,24,10,883,Rendah,Sedang
15,20,0,0,0,0,0,0,1,680,264,10,6,960,Rendah,Sedang
15,30,0,0,0,0,0,0,1,733,290,7,8,1038,Rendah,Sedang
15,40,0,0,0,0,0,0,1,869,285,5,4,1163,Rendah,Sedang
15,50,0,0,0,0,0,0,1,776,267,11,6,1060,Rendah,Sedang
15,60,0,0,0,0,0,0,1,723,283,13,5,1024,Rendah,Sedang
16,10,0,0,0,0,0,0,1,759,274,11,6,1050,Rendah,Sedang
16,20,0,0,0,0,0,0,1,719,276,13,6,1014,Rendah,Sedang
16,30,0,0,0,0,0,0,1,596,290,7,6,899,Sedang,Sedang
16,40,0,0,0,0,0,0,1,800,290,4,6,1100,Rendah,Sedang
16,50,0,0,0,0,0,0,1,799,250,3,3,1055,Rendah,Sedang
16,60,0,0,0,0,0,0,1,308,189,1,4,502,Sedang,Sedang
17,10,0,0,0,0,0,0,1,91,278,4,0,373,Tinggi,Tinggi
17,20,0,0,0,0,0,0,1,201,267,8,3,479,Tinggi,Tinggi
17,30,0,0,0,0,0,0,1,83,223,1,0,307,Tinggi,Tinggi
17,40,0,0,0,0,0,0,1,81,227,1,0,309,Tinggi,Tinggi
17,50,0,0,0,0,0,0,1,28,167,1,0,196,Tinggi,Tinggi
17,60,0,0,0,0,0,0,1,4,123,0,0,127,Tinggi,Tinggi
18,10,0,0,0,0,0,0,1,4,101,2,0,107,Tinggi,Tinggi
18,20,0,0,0,0,0,0,1,7,97,0,0,104,Sedang,Sedang
18,30,0,0,0,0,0,0,1,14,110,1,0,125,Tinggi,Tinggi
18,40,0,0,0,0,0,0,1,19,95,2,0,116,Tinggi,Tinggi
18,50,0,0,0,0,0,0,1,7,81,2,0,90,Tinggi,Tinggi
18,60,0,0,0,0,0,0,1,4,76,2,0,82,Tinggi,Tinggi
19,10,0,0,0,0,0,0,1,7,109,0,0,116,Tinggi,Tinggi
19,20,0,0,0,0,0,0,1,10,123,3,0,136,Tinggi,Tinggi
19,30,0,0,0,0,0,0,1,8,93,1,0,102,Tinggi,Tinggi
19,40,0,0,0,0,0,0,1,2,89,0,0,91,Tinggi,Tinggi
19,50,0,0,0,0,0,0,1,1,86,2,0,89,Tinggi,Tinggi
19,60,0,0,0,0,0,0,1,4,104,1,0,109,Tinggi,Tinggi
7,10,0,0,0,0,0,1,0,675,115,5,1,796,Rendah,Sedang
8,10,0,0,0,0,0,1,0,572,137,9,2,720,Sedang,Sedang
8,20,0,0,0,0,0,1,0,400,143,12,0,555,Sedang,Sedang
15,10,0,0,0,0,0,1,0,672,255,11,11,949,Rendah,Sedang
15,20,0,0,0,0,0,1,0,613,269,9,5,896,Rendah,Sedang
15,30,0,0,0,0,0,1,0,118,233,5,7,363,Rendah,Sedang
15,40,0,0,0,0,0,1,0,165,265,9,6,445,Rendah,Sedang
15,50,0,0,0,0,0,1,0,267,309,9,5,590,Rendah,Sedang
15,60,0,0,0,0,0,1,0,399,251,3,10,663,Rendah,Sedang
16,10,0,0,0,0,0,1,0,552,236,10,9,807,Rendah,Sedang
16,20,0,0,0,0,0,1,0,279,288,4,5,576,Rendah,Sedang
17,20,0,0,0,0,0,1,0,284,217,11,2,514,Tinggi,Tinggi
17,30,0,0,0,0,0,1,0,382,276,4,4,666,Tinggi,Tinggi
17,40,0,0,0,0,0,1,0,162,266,2,1,431,Tinggi,Tinggi
17,50,0,0,0,0,0,1,0,78,273,2,0,353,Tinggi,Tinggi
17,60,0,0,0,0,0,1,0,39,218,3,0,260,Tinggi,Tinggi
18,10,0,0,0,0,0,1,0,30,110,0,0,140,Tinggi,Tinggi
18,20,0,0,0,0,0,1,0,12,68,0,0,80,Sedang,Sedang
18,30,0,0,0,0,0,1,0,18,75,2,0,95,Tinggi,Tinggi
18,40,0,0,0,0,0,1,0,19,86,0,0,105,Tinggi,Tinggi
18,50,0,0,0,0,0,1,0,12,96,1,0,109,Tinggi,Tinggi
18,60,0,0,0,0,0,1,0,19,99,2,0,120,Tinggi,Tinggi
19,10,0,0,0,0,0,1,0,17,63,1,0,81,Tinggi,Tinggi
19,20,0,0,0,0,0,1,0,17,88,2,0,107,Tinggi,Tinggi
19,30,0,0,0,0,0,1,0,19,102,0,0,121,Tinggi,Tinggi
19,40,0,0,0,0,0,1,0,20,74,1,0,95,Tinggi,Tinggi
19,50,0,0,0,0,0,1,0,21,107,3,0,131,Tinggi,Tinggi
7,10,0,0,0,1,0,0,0,677,125,8,2,812,Tinggi,Tinggi
7,20,0,0,0,1,0,0,0,690,156,10,4,860,Sedang,Sedang
7,30,0,0,0,1,0,0,0,625,128,13,1,767,Sedang,Sedang
7,40,0,0,0,1,0,0,0,647,134,9,1,791,Sedang,Sedang
7,50,0,0,0,1,0,0,0,740,131,11,4,886,Sedang,Sedang
7,60,0,0,0,1,0,0,0,677,156,7,2,842,Sedang,Sedang
8,10,0,0,0,1,0,0,0,574,143,15,5,737,Sedang,Sedang
8,20,0,0,0,1,0,0,0,653,136,6,2,797,Sedang,Sedang
8,50,0,0,0,1,0,0,0,609,149,11,9,778,Sedang,Sedang
8,60,0,0,0,1,0,0,0,626,171,6,6,809,Sedang,Sedang
16,50,0,0,0,1,0,0,0,772,262,7,5,1046,Sedang,Sedang
17,10,0,0,0,1,0,0,0,849,260,5,5,1119,Rendah,Sedang
17,20,0,0,0,1,0,0,0,614,250,7,6,877,Tinggi,Tinggi
6,10,0,1,0,0,0,0,0,344,76,4,1,425,Rendah,Rendah
6,20,0,1,0,0,0,0,0,453,85,4,1,543,Rendah,Rendah
6,30,0,1,0,0,0,0,0,514,114,6,1,635,Rendah,Rendah
6,40,0,1,0,0,0,0,0,559,128,4,2,693,Rendah,Rendah
6,50,0,1,0,0,0,0,0,741,126,5,1,873,Sedang,Sedang
6,60,0,1,0,0,0,0,0,759,155,4,1,919,Sedang,Sedang
7,10,0,1,0,0,0,0,0,678,131,6,0,815,Sedang,Sedang
7,20,0,1,0,0,0,0,0,647,144,8,1,800,Tinggi,Tinggi
7,30,0,1,0,0,0,0,0,636,147,8,2,793,Tinggi,Tinggi
7,40,0,1,0,0,0,0,0,595,119,11,1,726,Tinggi,Tinggi
7,50,0,1,0,0,0,0,0,588,133,7,3,731,Tinggi,Tinggi
7,60,0,1,0,0,0,0,0,559,142,7,1,709,Sedang,Sedang
8,50,0,1,0,0,0,0,0,535,145,13,1,694,Sedang,Sedang
8,60,0,1,0,0,0,0,0,565,206,5,6,782,Tinggi,Tinggi
15,10,0,1,0,0,0,0,0,616,242,16,5,879,Rendah,Rendah
16,10,0,1,0,0,0,0,0,859,349,9,2,1219,Rendah,Sedang
16,20,0,1,0,0,0,0,0,917,288,9,7,1221,Rendah,Sedang
17,60,0,1,0,0,0,0,0,9,144,1,0,154,Tinggi,Tinggi
18,10,0,1,0,0,0,0,0,18,128,0,0,146,Tinggi,Tinggi
18,20,0,1,0,0,0,0,0,16,91,1,0,108,Tinggi,Tinggi
18,30,0,1,0,0,0,0,0,36,92,0,0,128,Tinggi,Tinggi
18,40,0,1,0,0,0,0,0,49,120,0,0,169,Tinggi,Tinggi
18,50,0,1,0,0,0,0,0,67,113,2,0,182,Tinggi,Tinggi
18,60,0,1,0,0,0,0,0,73,129,3,0,205,Tinggi,Tinggi
19,10,0,1,0,0,0,0,0,63,123,2,0,188,Tinggi,Tinggi
19,20,0,1,0,0,0,0,0,44,156,0,0,200,Tinggi,Tinggi
19,30,0,1,0,0,0,0,0,46,150,2,0,198,Tinggi,Tinggi
19,40,0,1,0,0,0,0,0,21,100,0,0,121,Tinggi,Tinggi
19,50,0,1,0,0,0,0,0,29,97,0,0,126,Tinggi,Tinggi
19,60,0,1,0,0,0,0,0,23,95,2,0,120,Tinggi,Tinggi
6,10,1,0,0,0,0,0,0,307,79,4,1,391,Rendah,Rendah
6,20,1,0,0,0,0,0,0,395,106,5,2,508,Rendah,Sedang
6,30,1,0,0,0,0,0,0,461,105,6,2,574,Rendah,Rendah
6,40,1,0,0,0,0,0,0,517,127,5,3,652,Rendah,Rendah
6,50,1,0,0,0,0,0,0,451,116,6,2,575,Rendah,Rendah
6,60,1,0,0,0,0,0,0,512,129,6,1,648,Rendah,Rendah
7,10,1,0,0,0,0,0,0,486,134,9,1,630,Sedang,Sedang
7,20,1,0,0,0,0,0,0,374,163,6,2,545,Tinggi,Tinggi
7,30,1,0,0,0,0,0,0,290,166,7,0,463,Tinggi,Tinggi
7,40,1,0,0,0,0,0,0,349,131,12,2,494,Sedang,Sedang
7,50,1,0,0,0,0,0,0,349,151,3,1,504,Sedang,Sedang
7,60,1,0,0,0,0,0,0,338,156,7,0,501,Sedang,Sedang
8,10,1,0,0,0,0,0,0,368,171,7,1,547,Sedang,Sedang
8,20,1,0,0,0,0,0,0,372,138,10,4,524,Sedang,Sedang
8,30,1,0,0,0,0,0,0,463,160,10,1,634,Tinggi,Tinggi
8,40,1,0,0,0,0,0,0,474,165,15,5,659,Sedang,Sedang
8,50,1,0,0,0,0,0,0,472,174,9,5,660,Sedang,Sedang
8,60,1,0,0,0,0,0,0,576,191,5,2,774,Sedang,Sedang
15,10,1,0,0,0,0,0,0,560,280,23,7,870,Rendah,Sedang
15,20,1,0,0,0,0,0,0,721,286,17,8,1032,Rendah,Sedang
15,30,1,0,0,0,0,0,0,775,298,11,5,1089,Rendah,Sedang
15,40,1,0,0,0,0,0,0,715,251,7,6,979,Rendah,Sedang
15,50,1,0,0,0,0,0,0,711,290,12,7,1020,Rendah,Sedang
15,60,1,0,0,0,0,0,0,476,307,11,3,797,Rendah,Sedang
16,10,1,0,0,0,0,0,0,93,241,5,1,340,Rendah,Sedang
16,20,1,0,0,0,0,0,0,23,232,2,0,257,Rendah,Sedang
16,30,1,0,0,0,0,0,0,5,163,2,1,171,Rendah,Sedang
16,40,1,0,0,0,0,0,0,0,37,0,0,37,Rendah,Sedang
16,50,1,0,0,0,0,0,0,5,116,0,0,121,Rendah,Sedang
16,60,1,0,0,0,0,0,0,11,164,1,0,176,Rendah,Sedang
17,10,1,0,0,0,0,0,0,31,215,1,2,249,Tinggi,Tinggi
17,20,1,0,0,0,0,0,0,43,213,4,2,262,Tinggi,Tinggi
17,30,1,0,0,0,0,0,0,53,190,1,2,246,Tinggi,Tinggi
17,40,1,0,0,0,0,0,0,22,205,4,0,231,Tinggi,Tinggi
17,50,1,0,0,0,0,0,0,10,163,0,0,173,Tinggi,Tinggi
17,60,1,0,0,0,0,0,0,4,131,1,0,136,Tinggi,Tinggi
18,10,1,0,0,0,0,0,0,0,58,0,0,58,Tinggi,Tinggi
18,20,1,0,0,0,0,0,0,5,100,0,0,105,Tinggi,Tinggi
18,30,1,0,0,0,0,0,0,6,100,0,0,106,Tinggi,Tinggi
18,40,1,0,0,0,0,0,0,22,110,1,0,133,Tinggi,Tinggi
18,50,1,0,0,0,0,0,0,13,117,1,0,131,Tinggi,Tinggi
18,60,1,0,0,0,0,0,0,18,101,2,0,121,Tinggi,Tinggi
19,10,1,0,0,0,0,0,0,22,158,0,0,180,Tinggi,Tinggi
19,20,1,0,0,0,0,0,0,31,123,0,0,154,Tinggi,Tinggi
19,30,1,0,0,0,0,0,0,37,137,1,0,175,Tinggi,Tinggi
19,40,1,0,0,0,0,0,0,27,147,1,0,175,Tinggi,Tinggi
19,50,1,0,0,0,0,0,0,41,152,2,0,195,Tinggi,Tinggi
19,60,1,0,0,0,0,0,0,30,133,1,0,164,Tinggi,Tinggi
6,10,0,0,0,0,1,0,0,243,79,4,1,327,Rendah,Rendah
6,20,0,0,0,0,1,0,0,288,57,3,0,348,Rendah,Rendah
6,30,0,0,0,0,1,0,0,393,85,2,2,482,Rendah,Rendah
6,40,0,0,0,0,1,0,0,336,81,3,0,420,Rendah,Rendah
6,50,0,0,0,0,1,0,0,365,93,6,0,464,Rendah,Rendah
6,60,0,0,0,0,1,0,0,442,110,4,0,556,Rendah,Rendah
7,10,0,0,0,0,1,0,0,496,68,6,0,570,Rendah,Rendah
7,20,0,0,0,0,1,0,0,349,109,5,0,463,Sedang,Sedang
7,30,0,0,0,0,1,0,0,398,109,5,0,512,Rendah,Rendah
7,40,0,0,0,0,1,0,0,338,116,9,0,463,Sedang,Sedang
7,50,0,0,0,0,1,0,0,291,113,14,1,419,Rendah,Rendah
7,60,0,0,0,0,1,0,0,393,105,11,2,511,Sedang,Sedang
8,10,0,0,0,0,1,0,0,386,126,5,1,518,Sedang,Sedang
8,20,0,0,0,0,1,0,0,515,140,9,2,666,Sedang,Sedang
8,30,0,0,0,0,1,0,0,503,132,8,3,646,Sedang,Sedang
8,40,0,0,0,0,1,0,0,541,163,11,5,720,Sedang,Sedang
8,50,0,0,0,0,1,0,0,474,168,8,5,655,Sedang,Sedang
8,60,0,0,0,0,1,0,0,518,167,8,2,695,Sedang,Sedang
15,10,0,0,0,0,1,0,0,614,274,7,3,898,Rendah,Rendah
15,20,0,0,0,0,1,0,0,569,166,11,3,749,Rendah,Sedang
15,30,0,0,0,0,1,0,0,706,186,8,1,901,Rendah,Sedang
15,40,0,0,0,0,1,0,0,808,279,8,4,1099,Rendah,Sedang
15,50,0,0,0,0,1,0,0,708,285,4,1,998,Rendah,Sedang
15,60,0,0,0,0,1,0,0,790,275,5,2,1072,Rendah,Sedang
16,10,0,0,0,0,1,0,0,924,295,5,4,1228,Rendah,Sedang
16,20,0,0,0,0,1,0,0,789,248,6,4,1047,Rendah,Sedang
16,30,0,0,0,0,1,0,0,782,255,4,1,1042,Rendah,Sedang
16,50,0,0,0,0,1,0,0,770,237,5,3,1015,Rendah,Sedang
16,60,0,0,0,0,1,0,0,710,264,3,1,978,Rendah,Sedang
17,10,0,0,0,0,1,0,0,583,227,9,1,820,Tinggi,Tinggi
17,20,0,0,0,0,1,0,0,600,236,3,6,845,Tinggi,Tinggi
17,30,0,0,0,0,1,0,0,535,238,6,3,782,Tinggi,Tinggi
17,40,0,0,0,0,1,0,0,394,209,4,1,608,Tinggi,Tinggi
17,50,0,0,0,0,1,0,0,181,220,2,1,404,Tinggi,Tinggi
17,60,0,0,0,0,1,0,0,38,117,2,0,157,Tinggi,Tinggi
18,10,0,0,0,0,1,0,0,29,94,0,0,123,Sedang,Sedang
18,20,0,0,0,0,1,0,0,20,70,1,0,91,Tinggi,Tinggi
18,30,0,0,0,0,1,0,0,17,71,1,0,89,Sedang,Sedang
18,40,0,0,0,0,1,0,0,19,72,0,0,91,Sedang,Sedang
18,50,0,0,0,0,1,0,0,45,95,0,0,140,Tinggi,Tinggi
18,60,0,0,0,0,1,0,0,36,100,1,0,137,Tinggi,Tinggi
19,10,0,0,0,0,1,0,0,13,61,1,0,75,Tinggi,Tinggi
19,20,0,0,0,0,1,0,0,21,111,1,0,133,Tinggi,Tinggi
19,30,0,0,0,0,1,0,0,24,113,1,0,138,Tinggi,Tinggi
19,40,0,0,0,0,1,0,0,30,95,0,0,125,Tinggi,Tinggi
19,50,0,0,0,0,1,0,0,40,137,2,0,179,Tinggi,Tinggi
19,60,0,0,0,0,1,0,0,36,126,0,0,162,Tinggi,Tinggi
6,10,0,0,1,0,0,0,0,333,85,11,1,430,Rendah,Rendah
6,20,0,0,1,0,0,0,0,349,83,9,1,442,Rendah,Rendah
6,30,0,0,1,0,0,0,0,399,71,5,2,477,Rendah,Rendah
6,40,0,0,1,0,0,0,0,384,98,5,3,490,Rendah,Rendah
6,50,0,0,1,0,0,0,0,311,75,4,2,392,Rendah,Rendah
6,60,0,0,1,0,0,0,0,384,97,9,1,491,Rendah,Rendah
7,10,0,0,1,0,0,0,0,337,80,5,1,423,Rendah,Rendah
7,20,0,0,1,0,0,0,0,328,100,6,1,435,Rendah,Rendah
7,30,0,0,1,0,0,0,0,394,96,11,0,501,Rendah,Rendah
7,40,0,0,1,0,0,0,0,432,104,8,0,544,Sedang,Sedang
7,50,0,0,1,0,0,0,0,437,112,10,1,560,Rendah,Rendah
7,60,0,0,1,0,0,0,0,459,109,11,0,579,Rendah,Rendah
8,10,0,0,1,0,0,0,0,469,123,10,4,606,Sedang,Sedang
8,20,0,0,1,0,0,0,0,561,134,9,2,706,Rendah,Rendah
8,30,0,0,1,0,0,0,0,560,146,12,3,721,Sedang,Sedang
8,40,0,0,1,0,0,0,0,630,136,6,4,776,Sedang,Sedang
8,50,0,0,1,0,0,0,0,577,150,12,2,741,Tinggi,Tinggi
8,60,0,0,1,0,0,0,0,527,172,4,5,708,Sedang,Sedang
15,10,0,0,1,0,0,0,0,292,209,4,1,506,Tinggi,Tinggi
15,20,0,0,1,0,0,0,0,271,216,11,3,501,Tinggi,Tinggi
15,30,0,0,1,0,0,0,0,344,254,5,2,605,Tinggi,Tinggi
15,40,0,0,1,0,0,0,0,156,132,1,2,291,Sedang,Sedang
15,50,0,0,1,0,0,0,0,230,224,4,1,459,Tinggi,Tinggi
15,60,0,0,1,0,0,0,0,175,208,8,3,394,Tinggi,Tinggi
16,10,0,0,1,0,0,0,0,19,122,2,0,143,Tinggi,Tinggi
16,20,0,0,1,0,0,0,0,0,69,1,0,70,Tinggi,Tinggi
16,30,0,0,1,0,0,0,0,16,86,3,0,105,Tinggi,Tinggi
16,40,0,0,1,0,0,0,0,26,173,2,0,201,Tinggi,Tinggi
16,50,0,0,1,0,0,0,0,17,188,1,0,206,Tinggi,Tinggi
16,60,0,0,1,0,0,0,0,27,207,4,0,238,Tinggi,Tinggi
17,10,0,0,1,0,0,0,0,13,184,3,0,200,Tinggi,Tinggi
17,20,0,0,1,0,0,0,0,6,156,4,0,166,Sedang,Sedang
17,30,0,0,1,0,0,0,0,7,153,3,0,163,Tinggi,Tinggi
17,40,0,0,1,0,0,0,0,7,153,1,1,162,Tinggi,Tinggi
17,50,0,0,1,0,0,0,0,12,109,1,0,122,Sedang,Sedang
17,60,0,0,1,0,0,0,0,16,90,4,0,110,Tinggi,Tinggi
18,10,0,0,1,0,0,0,0,15,97,1,0,113,Tinggi,Tinggi
18,20,0,0,1,0,0,0,0,16,78,1,0,95,Tinggi,Tinggi
18,30,0,0,1,0,0,0,0,15,103,1,0,119,Sedang,Sedang
18,40,0,0,1,0,0,0,0,29,125,4,0,158,Tinggi,Tinggi
18,50,0,0,1,0,0,0,0,35,100,1,0,136,Tinggi,Tinggi
18,60,0,0,1,0,0,0,0,39,110,0,0,149,Tinggi,Tinggi
19,10,0,0,1,0,0,0,0,31,131,0,0,162,Tinggi,Tinggi
19,20,0,0,1,0,0,0,0,48,121,2,0,171,Tinggi,Tinggi
19,30,0,0,1,0,0,0,0,25,160,3,0,188,Tinggi,Tinggi
19,40,0,0,1,0,0,0,0,42,133,1,0,176,Tinggi,Tinggi
19,50,0,0,1,0,0,0,0,47,183,2,0,232,Tinggi,Tinggi
19,60,0,0,1,0,0,0,0,34,136,1,0,171,Tinggi,Tinggi
6,10,0,0,0,0,0,0,1,455,88,8,4,555,Rendah,Rendah
6,20,0,0,0,0,0,0,1,424,98,4,0,526,Rendah,Rendah
6,30,0,0,0,0,0,0,1,459,89,5,2,555,Rendah,Rendah
6,40,0,0,0,0,0,0,1,474,110,4,3,591,Rendah,Rendah
6,50,0,0,0,0,0,0,1,455,129,3,0,587,Rendah,Rendah
6,60,0,0,0,0,0,0,1,454,118,6,0,578,Rendah,Sedang
7,10,0,0,0,0,0,0,1,495,111,7,0,613,Sedang,Sedang
7,20,0,0,0,0,0,0,1,452,148,8,1,609,Sedang,Sedang
7,30,0,0,0,0,0,0,1,325,150,8,3,486,Tinggi,Tinggi
7,40,0,0,0,0,0,0,1,320,146,9,1,476,Sedang,Sedang
7,50,0,0,0,0,0,0,1,451,159,8,2,620,Tinggi,Tinggi
7,60,0,0,0,0,0,0,1,450,158,10,3,621,Tinggi,Tinggi
8,10,0,0,0,0,0,0,1,508,144,5,3,660,Rendah,Sedang
8,20,0,0,0,0,0,0,1,505,150,6,0,661,Sedang,Sedang
8,30,0,0,0,0,0,0,1,567,193,6,4,770,Tinggi,Tinggi
8,40,0,0,0,0,0,0,1,568,169,6,3,746,Sedang,Sedang
8,50,0,0,0,0,0,0,1,493,188,8,5,694,Sedang,Sedang
8,60,0,0,0,0,0,0,1,575,210,7,4,796,Sedang,Sedang
15,10,0,0,0,0,0,0,1,579,257,13,5,854,Rendah,Sedang
15,20,0,0,0,0,0,0,1,712,316,18,7,1053,Rendah,Sedang
15,30,0,0,0,0,0,0,1,643,312,15,10,980,Rendah,Sedang
15,40,0,0,0,0,0,0,1,684,249,8,4,945,Rendah,Sedang
15,50,0,0,0,0,0,0,1,632,260,8,2,902,Rendah,Sedang
15,60,0,0,0,0,0,0,1,613,284,11,8,916,Rendah,Sedang
16,10,0,0,0,0,0,0,1,575,272,8,7,862,Rendah,Sedang
16,20,0,0,0,0,0,0,1,753,256,3,2,1014,Rendah,Sedang
16,30,0,0,0,0,0,0,1,253,166,4,2,425,Rendah,Rendah
16,40,0,0,0,0,0,0,1,83,237,1,1,322,Rendah,Sedang
16,50,0,0,0,0,0,0,1,34,76,0,1,111,Rendah,Rendah
16,60,0,0,0,0,0,0,1,9,103,1,0,113,Rendah,Sedang
17,10,0,0,0,0,0,0,1,81,250,2,1,334,Tinggi,Tinggi
17,20,0,0,0,0,0,0,1,30,197,4,0,231,Tinggi,Tinggi
17,30,0,0,0,0,0,0,1,30,207,0,2,239,Tinggi,Tinggi
17,40,0,0,0,0,0,0,1,10,114,0,0,124,Tinggi,Tinggi
17,50,0,0,0,0,0,0,1,6,165,4,0,175,Tinggi,Tinggi
17,60,0,0,0,0,0,0,1,9,103,1,0,113,Tinggi,Tinggi
18,10,0,0,0,0,0,0,1,16,122,1,0,139,Tinggi,Tinggi
18,20,0,0,0,0,0,0,1,13,95,0,0,108,Sedang,Sedang
18,30,0,0,0,0,0,0,1,24,103,0,1,128,Sedang,Sedang
18,40,0,0,0,0,0,0,1,22,110,0,0,132,Sedang,Sedang
18,50,0,0,0,0,0,0,1,26,113,0,0,139,Tinggi,Tinggi
18,60,0,0,0,0,0,0,1,33,119,1,0,153,Tinggi,Tinggi
19,10,0,0,0,0,0,0,1,21,105,1,0,127,Tinggi,Tinggi
19,20,0,0,0,0,0,0,1,10,69,1,0,80,Tinggi,Tinggi
19,30,0,0,0,0,0,0,1,8,85,0,0,93,Tinggi,Tinggi
19,40,0,0,0,0,0,0,1,21,108,0,0,129,Tinggi,Tinggi
19,50,0,0,0,0,0,0,1,29,137,3,0,169,Tinggi,Tinggi
19,60,0,0,0,0,0,0,1,27,133,1,0,161,Tinggi,Tinggi
6,10,0,0,0,0,0,1,0,241,67,5,1,314,Rendah,Rendah
6,20,0,0,0,0,0,1,0,345,108,6,1,460,Rendah,Rendah
6,30,0,0,0,0,0,1,0,330,85,3,1,419,Rendah,Rendah
6,40,0,0,0,0,0,1,0,376,116,5,1,498,Rendah,Rendah
6,50,0,0,0,0,0,1,0,392,116,6,3,517,Rendah,Rendah
6,60,0,0,0,0,0,1,0,480,112,3,1,596,Sedang,Sedang
7,10,0,0,0,0,0,1,0,439,107,6,0,552,Sedang,Sedang
7,30,0,0,0,0,0,1,0,517,127,8,1,653,Sedang,Sedang
7,40,0,0,0,0,0,1,0,368,125,12,0,505,Sedang,Sedang
7,50,0,0,0,0,0,1,0,466,155,4,4,629,Sedang,Sedang
7,60,0,0,0,0,0,1,0,437,144,11,0,592,Sedang,Sedang
8,10,0,0,0,0,0,1,0,445,186,3,6,640,Sedang,Sedang
8,20,0,0,0,0,0,1,0,489,141,8,2,640,Sedang,Sedang
8,30,0,0,0,0,0,1,0,527,154,6,1,688,Sedang,Sedang
8,40,0,0,0,0,0,1,0,554,172,8,4,738,Sedang,Sedang
8,50,0,0,0,0,0,1,0,511,177,11,3,702,Sedang,Sedang
8,60,0,0,0,0,0,1,0,599,183,7,1,790,Tinggi,Tinggi
15,10,0,0,0,0,0,1,0,478,298,10,20,806,Rendah,Rendah
15,20,0,0,0,0,0,1,0,489,263,12,17,781,Rendah,Rendah
15,30,0,0,0,0,0,1,0,501,261,6,4,772,Rendah,Rendah
15,40,0,0,0,0,0,1,0,387,259,6,2,654,Rendah,Rendah
15,50,0,0,0,0,0,1,0,35,226,6,2,269,Rendah,Sedang
15,60,0,0,0,0,0,1,0,13,140,3,1,157,Rendah,Sedang
16,10,0,0,0,0,0,1,0,18,150,1,1,170,Rendah,Sedang
16,20,0,0,0,0,0,1,0,32,227,3,1,263,Rendah,Sedang
16,30,0,0,0,0,0,1,0,138,218,8,3,367,Rendah,Rendah
16,40,0,0,0,0,0,1,0,402,270,2,5,679,Rendah,Sedang
16,50,0,0,0,0,0,1,0,305,238,2,3,548,Rendah,Sedang
16,60,0,0,0,0,0,1,0,166,228,5,0,399,Rendah,Sedang
17,10,0,0,0,0,0,1,0,144,234,8,2,388,Sedang,Sedang
17,20,0,0,0,0,0,1,0,41,209,5,0,255,Tinggi,Tinggi
17,30,0,0,0,0,0,1,0,26,205,4,2,237,Tinggi,Tinggi
17,40,0,0,0,0,0,1,0,21,177,2,0,200,Tinggi,Tinggi
17,50,0,0,0,0,0,1,0,22,174,0,0,196,Tinggi,Tinggi
17,60,0,0,0,0,0,1,0,15,102,0,0,117,Tinggi,Tinggi
18,10,0,0,0,0,0,1,0,17,101,0,0,118,Tinggi,Tinggi
18,20,0,0,0,0,0,1,0,10,83,1,0,94,Sedang,Sedang
18,30,0,0,0,0,0,1,0,25,102,1,0,128,Sedang,Sedang
18,40,0,0,0,0,0,1,0,28,102,0,0,130,Tinggi,Tinggi
18,50,0,0,0,0,0,1,0,25,98,1,0,124,Sedang,Sedang
18,60,0,0,0,0,0,1,0,32,102,2,0,136,Rendah,Rendah
19,10,0,0,0,0,0,1,0,41,107,0,0,148,Tinggi,Tinggi
19,20,0,0,0,0,0,1,0,37,149,1,0,187,Tinggi,Tinggi
19,30,0,0,0,0,0,1,0,47,123,0,0,170,Tinggi,Tinggi
19,40,0,0,0,0,0,1,0,56,110,1,0,167,Tinggi,Tinggi
19,50,0,0,0,0,0,1,0,68,131,0,0,199,Tinggi,Tinggi
19,60,0,0,0,0,0,1,0,64,141,0,0,205,Tinggi,Tinggi
6,10,0,0,0,1,0,0,0,311,70,6,3,390,Rendah,Rendah
6,20,0,0,0,1,0,0,0,342,75,2,3,422,Rendah,Rendah
6,30,0,0,0,1,0,0,0,362,100,2,1,465,Rendah,Rendah
6,40,0,0,0,1,0,0,0,366,90,8,3,467,Rendah,Rendah
6,50,0,0,0,1,0,0,0,337,102,6,1,446,Rendah,Rendah
6,60,0,0,0,1,0,0,0,287,101,1,1,390,Rendah,Rendah
7,10,0,0,0,1,0,0,0,290,100,6,1,397,Rendah,Rendah
7,20,0,0,0,1,0,0,0,216,115,7,1,339,Rendah,Sedang
7,30,0,0,0,1,0,0,0,353,95,7,1,456,Sedang,Sedang
7,40,0,0,0,1,0,0,0,302,108,9,2,421,Rendah,Rendah
7,50,0,0,0,1,0,0,0,359,118,3,1,481,Sedang,Sedang
7,60,0,0,0,1,0,0,0,324,124,4,2,454,Rendah,Rendah
8,10,0,0,0,1,0,0,0,364,103,9,4,480,Sedang,Sedang
8,20,0,0,0,1,0,0,0,370,145,8,1,524,Sedang,Sedang
8,30,0,0,0,1,0,0,0,399,138,10,1,548,Sedang,Sedang
8,40,0,0,0,1,0,0,0,417,133,6,0,556,Sedang,Sedang
8,50,0,0,0,1,0,0,0,408,119,6,3,536,Rendah,Rendah
8,60,0,0,0,1,0,0,0,424,172,8,7,611,Tinggi,Tinggi
15,10,0,0,0,1,0,0,0,385,184,7,3,579,Rendah,Sedang
15,20,0,0,0,1,0,0,0,338,267,16,5,626,Rendah,Rendah
15,30,0,0,0,1,0,0,0,231,237,10,6,484,Rendah,Sedang
15,40,0,0,0,1,0,0,0,147,268,12,2,429,Rendah,Sedang
15,50,0,0,0,1,0,0,0,139,221,2,1,363,Rendah,Sedang
15,60,0,0,0,1,0,0,0,311,247,7,7,572,Rendah,Rendah
16,10,0,0,0,1,0,0,0,435,265,6,2,708,Rendah,Rendah
16,20,0,0,0,1,0,0,0,387,243,5,1,636,Rendah,Rendah
16,30,0,0,0,1,0,0,0,489,213,7,7,716,Rendah,Sedang
16,40,0,0,0,1,0,0,0,503,243,2,5,753,Rendah,Sedang
16,50,0,0,0,1,0,0,0,456,271,5,2,734,Sedang,Sedang
16,60,0,0,0,1,0,0,0,412,231,1,3,647,Rendah,Rendah
17,10,0,0,0,1,0,0,0,393,209,3,4,609,Rendah,Rendah
17,20,0,0,0,1,0,0,0,240,230,7,0,477,Tinggi,Tinggi
17,30,0,0,0,1,0,0,0,282,252,7,1,542,Tinggi,Tinggi
17,40,0,0,0,1,0,0,0,118,173,2,0,293,Tinggi,Tinggi
17,50,0,0,0,1,0,0,0,69,183,0,0,252,Tinggi,Tinggi
17,60,0,0,0,1,0,0,0,34,112,0,0,146,Tinggi,Tinggi
18,10,0,0,0,1,0,0,0,26,105,1,0,132,Sedang,Sedang
18,20,0,0,0,1,0,0,0,33,89,2,0,124,Tinggi,Tinggi
18,30,0,0,0,1,0,0,0,29,87,1,0,117,Tinggi,Tinggi
18,40,0,0,0,1,0,0,0,24,95,1,0,120,Tinggi,Tinggi
18,50,0,0,0,1,0,0,0,12,75,1,0,88,Tinggi,Tinggi
18,60,0,0,0,1,0,0,0,11,86,4,0,101,Tinggi,Tinggi
19,10,0,0,0,1,0,0,0,13,93,0,0,106,Tinggi,Tinggi
19,20,0,0,0,1,0,0,0,12,107,0,0,119,Tinggi,Tinggi
19,30,0,0,0,1,0,0,0,21,94,1,0,116,Tinggi,Tinggi
19,40,0,0,0,1,0,0,0,22,106,1,0,129,Tinggi,Tinggi
19,50,0,0,0,1,0,0,0,28,85,0,0,113,Tinggi,Tinggi
19,60,0,0,0,1,0,0,0,26,121,1,0,148,Tinggi,Tinggi
6,10,0,1,0,0,0,0,0,306,85,6,3,400,Rendah,Rendah
6,20,0,1,0,0,0,0,0,323,56,5,1,385,Rendah,Rendah
6,30,0,1,0,0,0,0,0,367,65,2,2,436,Rendah,Rendah
6,40,0,1,0,0,0,0,0,352,55,7,2,416,Rendah,Rendah
6,50,0,1,0,0,0,0,0,335,65,8,1,409,Rendah,Rendah
6,60,0,1,0,0,0,0,0,304,69,1,1,375,Rendah,Rendah
7,10,0,1,0,0,0,0,0,318,52,8,1,379,Rendah,Rendah
7,20,0,1,0,0,0,0,0,323,49,4,1,377,Rendah,Rendah
7,30,0,1,0,0,0,0,0,411,72,3,0,486,Rendah,Rendah
7,40,0,1,0,0,0,0,0,297,60,2,2,361,Rendah,Rendah
7,50,0,1,0,0,0,0,0,309,89,8,1,407,Rendah,Rendah
7,60,0,1,0,0,0,0,0,345,71,8,2,426,Rendah,Rendah
8,10,0,1,0,0,0,0,0,322,79,7,2,410,Rendah,Rendah
8,20,0,1,0,0,0,0,0,314,94,6,1,415,Rendah,Rendah
8,30,0,1,0,0,0,0,0,400,108,9,3,520,Rendah,Rendah
8,40,0,1,0,0,0,0,0,389,106,9,3,507,Sedang,Sedang
8,50,0,1,0,0,0,0,0,417,104,5,4,530,Rendah,Rendah
8,60,0,1,0,0,0,0,0,440,108,7,4,559,Rendah,Rendah
15,10,0,1,0,0,0,0,0,435,197,8,3,643,Rendah,Rendah
15,20,0,1,0,0,0,0,0,524,212,15,1,752,Rendah,Rendah
15,30,0,1,0,0,0,0,0,507,204,6,2,719,Rendah,Rendah
15,40,0,1,0,0,0,0,0,502,180,9,2,693,Rendah,Rendah
15,50,0,1,0,0,0,0,0,572,203,13,3,791,Rendah,Rendah
15,60,0,1,0,0,0,0,0,546,198,6,2,752,Rendah,Rendah
16,10,0,1,0,0,0,0,0,553,169,4,1,727,Rendah,Rendah
16,20,0,1,0,0,0,0,0,600,217,9,3,829,Rendah,Rendah
16,30,0,1,0,0,0,0,0,589,201,3,4,797,Rendah,Rendah
16,40,0,1,0,0,0,0,0,470,228,10,2,710,Rendah,Sedang
16,50,0,1,0,0,0,0,0,444,179,6,2,631,Rendah,Rendah
16,60,0,1,0,0,0,0,0,498,228,5,2,733,Rendah,Rendah
17,10,0,1,0,0,0,0,0,311,167,4,1,483,Tinggi,Tinggi
17,20,0,1,0,0,0,0,0,337,206,7,2,552,Tinggi,Tinggi
17,30,0,1,0,0,0,0,0,305,160,2,2,469,Sedang,Sedang
17,40,0,1,0,0,0,0,0,145,153,3,4,305,Tinggi,Tinggi
17,50,0,1,0,0,0,0,0,40,138,5,2,185,Sedang,Sedang
17,60,0,1,0,0,0,0,0,9,53,0,0,62,Rendah,Rendah
18,10,0,1,0,0,0,0,0,7,32,0,0,39,Sedang,Sedang
18,20,0,1,0,0,0,0,0,11,31,0,0,42,Sedang,Sedang
18,30,0,1,0,0,0,0,0,18,43,0,0,61,Tinggi,Tinggi
18,40,0,1,0,0,0,0,0,25,50,0,0,75,Rendah,Rendah
18,50,0,1,0,0,0,0,0,15,73,0,0,88,Tinggi,Tinggi
18,60,0,1,0,0,0,0,0,21,82,0,0,103,Tinggi,Tinggi
19,10,0,1,0,0,0,0,0,18,64,0,0,82,Tinggi,Tinggi
19,20,0,1,0,0,0,0,0,15,70,0,0,85,Tinggi,Tinggi
19,30,0,1,0,0,0,0,0,17,64,1,0,82,Sedang,Sedang
19,40,0,1,0,0,0,0,0,27,63,0,0,90,Tinggi,Tinggi
19,50,0,1,0,0,0,0,0,25,89,1,0,115,Tinggi,Tinggi
19,60,0,1,0,0,0,0,0,28,62,0,0,90,Tinggi,Tinggi
6,10,1,0,0,0,0,0,0,167,31,3,0,201,Rendah,Rendah
6,20,1,0,0,0,0,0,0,194,23,1,1,219,Rendah,Rendah
6,30,1,0,0,0,0,0,0,189,35,3,1,228,Rendah,Rendah
6,40,1,0,0,0,0,0,0,217,49,2,2,270,Rendah,Rendah
6,50,1,0,0,0,0,0,0,156,57,4,0,217,Rendah,Rendah
6,60,1,0,0,0,0,0,0,211,48,4,1,264,Rendah,Rendah
7,10,1,0,0,0,0,0,0,247,92,4,2,345,Rendah,Rendah
7,20,1,0,0,0,0,0,0,284,56,7,0,347,Rendah,Rendah
7,30,1,0,0,0,0,0,0,213,53,3,4,273,Rendah,Rendah
7,40,1,0,0,0,0,0,0,208,59,8,0,275,Rendah,Rendah
7,50,1,0,0,0,0,0,0,264,49,6,3,322,Rendah,Rendah
7,60,1,0,0,0,0,0,0,256,64,10,3,333,Rendah,Rendah
8,10,1,0,0,0,0,0,0,279,65,6,2,352,Rendah,Rendah
8,20,1,0,0,0,0,0,0,331,70,5,4,410,Rendah,Rendah
8,30,1,0,0,0,0,0,0,328,75,4,4,411,Rendah,Rendah
8,40,1,0,0,0,0,0,0,328,83,3,0,414,Rendah,Rendah
8,50,1,0,0,0,0,0,0,267,88,3,2,360,Rendah,Rendah
8,60,1,0,0,0,0,0,0,305,80,4,0,389,Rendah,Rendah
15,10,1,0,0,0,0,0,0,333,150,6,0,489,Rendah,Rendah
15,20,1,0,0,0,0,0,0,360,150,6,2,518,Rendah,Rendah
15,30,1,0,0,0,0,0,0,361,176,4,4,545,Rendah,Rendah
15,40,1,0,0,0,0,0,0,442,188,8,2,640,Rendah,Rendah
15,50,1,0,0,0,0,0,0,402,170,2,3,577,Rendah,Rendah
15,60,1,0,0,0,0,0,0,380,158,11,1,550,Rendah,Rendah
16,10,1,0,0,0,0,0,0,415,151,11,1,578,Rendah,Rendah
16,20,1,0,0,0,0,0,0,483,202,6,3,694,Rendah,Rendah
16,30,1,0,0,0,0,0,0,385,147,4,3,539,Rendah,Rendah
16,40,1,0,0,0,0,0,0,477,150,5,1,633,Rendah,Rendah
16,50,1,0,0,0,0,0,0,437,164,8,2,611,Rendah,Sedang
16,60,1,0,0,0,0,0,0,425,208,2,1,636,Rendah,Rendah
17,10,1,0,0,0,0,0,0,324,176,9,2,511,Rendah,Sedang
17,20,1,0,0,0,0,0,0,356,189,6,1,552,Sedang,Sedang
17,30,1,0,0,0,0,0,0,234,104,3,1,342,Rendah,Rendah
17,40,1,0,0,0,0,0,0,121,142,4,0,267,Sedang,Sedang
17,50,1,0,0,0,0,0,0,33,87,1,0,121,Sedang,Sedang
17,60,1,0,0,0,0,0,0,11,43,0,0,54,Rendah,Rendah
18,10,1,0,0,0,0,0,0,10,57,0,0,67,Sedang,Sedang
18,20,1,0,0,0,0,0,0,23,46,1,0,70,Rendah,Rendah
18,30,1,0,0,0,0,0,0,14,51,0,0,65,Rendah,Rendah
18,40,1,0,0,0,0,0,0,14,48,0,0,62,Rendah,Rendah
18,50,1,0,0,0,0,0,0,21,55,0,0,76,Sedang,Sedang
18,60,1,0,0,0,0,0,0,13,68,0,1,82,Rendah,Rendah
19,10,1,0,0,0,0,0,0,21,74,1,0,96,Tinggi,Tinggi
19,20,1,0,0,0,0,0,0,27,72,1,0,100,Sedang,Sedang
19,30,1,0,0,0,0,0,0,19,67,0,0,86,Tinggi,Tinggi
19,40,1,0,0,0,0,0,0,18,72,0,0,90,Tinggi,Tinggi
19,50,1,0,0,0,0,0,0,24,94,0,0,118,Sedang,Sedang
19,60,1,0,0,0,0,0,0,21,96,0,0,117,Sedang,Sedang
6,10,0,0,0,0,1,0,0,68,31,3,0,102,Rendah,Rendah
6,20,0,0,0,0,1,0,0,98,22,0,0,120,Rendah,Rendah
6,30,0,0,0,0,1,0,0,103,17,3,0,123,Rendah,Rendah
6,40,0,0,0,0,1,0,0,99,18,0,0,117,Rendah,Rendah
6,50,0,0,0,0,1,0,0,124,35,2,1,162,Rendah,Rendah
6,60,0,0,0,0,1,0,0,138,33,2,2,175,Rendah,Rendah
7,10,0,0,0,0,1,0,0,186,40,0,1,227,Rendah,Rendah
7,20,0,0,0,0,1,0,0,204,47,4,0,255,Rendah,Rendah
7,50,0,0,0,0,1,0,0,214,75,4,0,293,Rendah,Rendah
7,60,0,0,0,0,1,0,0,283,88,5,0,376,Rendah,Rendah
8,10,0,0,0,0,1,0,0,268,88,4,1,361,Rendah,Rendah
8,20,0,0,0,0,1,0,0,389,86,6,1,482,Rendah,Rendah
8,30,0,0,0,0,1,0,0,405,110,11,0,526,Sedang,Sedang
8,40,0,0,0,0,1,0,0,435,147,8,1,591,Sedang,Sedang
8,50,0,0,0,0,1,0,0,444,129,2,0,575,Sedang,Sedang
8,60,0,0,0,0,1,0,0,487,144,3,1,635,Sedang,Sedang
15,10,0,0,0,0,1,0,0,412,210,7,0,629,Rendah,Sedang
15,20,0,0,0,0,1,0,0,388,219,7,1,615,Rendah,Sedang
15,30,0,0,0,0,1,0,0,388,189,6,0,583,Rendah,Sedang
15,40,0,0,0,0,1,0,0,420,179,4,1,604,Rendah,Sedang
15,50,0,0,0,0,1,0,0,526,205,13,0,744,Rendah,Sedang
15,60,0,0,0,0,1,0,0,424,205,5,2,636,Rendah,Sedang
16,10,0,0,0,0,1,0,0,401,210,8,2,621,Rendah,Sedang
16,20,0,0,0,0,1,0,0,426,207,9,0,642,Rendah,Sedang
16,30,0,0,0,0,1,0,0,469,236,4,1,710,Rendah,Sedang
16,40,0,0,0,0,1,0,0,404,186,8,1,599,Rendah,Rendah
16,50,0,0,0,0,1,0,0,387,216,3,0,606,Rendah,Sedang
16,60,0,0,0,0,1,0,0,463,230,8,2,703,Rendah,Rendah
17,10,0,0,0,0,1,0,0,342,189,6,0,537,Rendah,Sedang
17,20,0,0,0,0,1,0,0,316,233,8,0,557,Tinggi,Tinggi
17,30,0,0,0,0,1,0,0,274,194,5,0,473,Sedang,Sedang
17,40,0,0,0,0,1,0,0,139,177,1,2,319,Sedang,Sedang
17,50,0,0,0,0,1,0,0,25,147,0,0,172,Sedang,Sedang
17,60,0,0,0,0,1,0,0,13,57,0,0,70,Sedang,Sedang
18,10,0,0,0,0,1,0,0,14,61,1,0,76,Rendah,Rendah
18,20,0,0,0,0,1,0,0,21,61,0,0,82,Sedang,Sedang
18,30,0,0,0,0,1,0,0,15,56,0,0,71,Sedang,Sedang
18,40,0,0,0,0,1,0,0,20,48,1,0,69,Sedang,Sedang
18,50,0,0,0,0,1,0,0,20,88,1,0,109,Tinggi,Tinggi
18,60,0,0,0,0,1,0,0,31,69,0,0,100,Tinggi,Tinggi
19,10,0,0,0,0,1,0,0,11,70,1,0,82,Tinggi,Tinggi
19,20,0,0,0,0,1,0,0,15,66,1,0,82,Tinggi,Tinggi
19,30,0,0,0,0,1,0,0,20,66,0,0,86,Tinggi,Tinggi
19,40,0,0,0,0,1,0,0,20,67,0,0,87,Sedang,Sedang
19,50,0,0,0,0,1,0,0,22,69,1,0,92,Tinggi,Tinggi
19,60,0,0,0,0,1,0,0,30,91,2,0,123,Tinggi,Tinggi
6,10,0,0,1,0,0,0,0,203,54,3,3,263,Rendah,Rendah
6,20,0,0,1,0,0,0,0,312,52,2,2,368,Rendah,Rendah
6,30,0,0,1,0,0,0,0,354,46,2,1,403,Rendah,Rendah
6,40,0,0,1,0,0,0,0,307,71,5,2,385,Rendah,Rendah
6,50,0,0,1,0,0,0,0,294,68,6,1,369,Rendah,Rendah
6,60,0,0,1,0,0,0,0,305,60,2,4,371,Rendah,Rendah
7,10,0,0,1,0,0,0,0,300,58,3,0,361,Rendah,Rendah
7,20,0,0,1,0,0,0,0,351,91,3,0,445,Rendah,Rendah
7,30,0,0,1,0,0,0,0,366,73,8,0,447,Rendah,Rendah
7,40,0,0,1,0,0,0,0,263,77,3,1,344,Rendah,Rendah
7,50,0,0,1,0,0,0,0,263,81,3,2,349,Rendah,Rendah
7,60,0,0,1,0,0,0,0,268,90,3,1,362,Rendah,Rendah
8,10,0,0,1,0,0,0,0,285,103,5,1,394,Rendah,Rendah
8,20,0,0,1,0,0,0,0,415,75,5,2,497,Rendah,Rendah
8,30,0,0,1,0,0,0,0,406,124,3,2,535,Rendah,Rendah
8,40,0,0,1,0,0,0,0,469,104,8,0,581,Rendah,Rendah
8,50,0,0,1,0,0,0,0,435,96,4,1,536,Rendah,Rendah
8,60,0,0,1,0,0,0,0,455,120,7,0,582,Rendah,Rendah
15,10,0,0,1,0,0,0,0,336,166,8,1,511,Sedang,Sedang
15,20,0,0,1,0,0,0,0,426,158,7,1,592,Sedang,Sedang
15,30,0,0,1,0,0,0,0,413,201,5,1,620,Tinggi,Tinggi
15,40,0,0,1,0,0,0,0,299,172,7,2,480,Sedang,Sedang
15,50,0,0,1,0,0,0,0,195,173,2,3,373,Tinggi,Tinggi
15,60,0,0,1,0,0,0,0,54,191,2,0,247,Tinggi,Tinggi
16,10,0,0,1,0,0,0,0,104,181,4,1,290,Tinggi,Tinggi
16,20,0,0,1,0,0,0,0,318,163,2,1,484,Sedang,Sedang
16,30,0,0,1,0,0,0,0,380,156,1,0,537,Tinggi,Tinggi
16,40,0,0,1,0,0,0,0,370,187,3,2,562,Tinggi,Tinggi
16,50,0,0,1,0,0,0,0,129,193,5,3,330,Tinggi,Tinggi
16,60,0,0,1,0,0,0,0,20,132,1,0,153,Tinggi,Tinggi
17,10,0,0,1,0,0,0,0,33,179,4,1,217,Tinggi,Tinggi
17,20,0,0,1,0,0,0,0,75,155,4,1,235,Rendah,Rendah
17,30,0,0,1,0,0,0,0,44,156,5,0,205,Sedang,Sedang
17,40,0,0,1,0,0,0,0,18,133,1,0,152,Sedang,Sedang
17,50,0,0,1,0,0,0,0,11,113,0,0,124,Tinggi,Tinggi
17,60,0,0,1,0,0,0,0,12,60,0,0,72,Sedang,Sedang
18,10,0,0,1,0,0,0,0,11,71,0,0,82,Sedang,Sedang
18,20,0,0,1,0,0,0,0,5,72,1,0,78,Sedang,Sedang
18,30,0,0,1,0,0,0,0,11,68,1,0,80,Sedang,Sedang
18,40,0,0,1,0,0,0,0,14,76,1,0,91,Rendah,Sedang
18,50,0,0,1,0,0,0,0,6,81,1,0,88,Rendah,Sedang
18,60,0,0,1,0,0,0,0,3,74,1,0,78,Tinggi,Tinggi
19,10,0,0,1,0,0,0,0,12,80,0,0,92,Sedang,Sedang
19,20,0,0,1,0,0,0,0,3,62,0,0,65,Tinggi,Tinggi
19,30,0,0,1,0,0,0,0,7,81,2,0,90,Sedang,Sedang
19,40,0,0,1,0,0,0,0,11,80,0,0,91,Sedang,Sedang
19,50,0,0,1,0,0,0,0,8,91,0,0,99,Sedang,Sedang
6,10,0,0,0,0,0,0,1,172,56,4,0,232,Rendah,Rendah
6,20,0,0,0,0,0,0,1,243,46,1,0,290,Rendah,Rendah
6,30,0,0,0,0,0,0,1,271,59,6,0,336,Rendah,Rendah
6,40,0,0,0,0,0,0,1,240,54,4,2,300,Rendah,Rendah
6,50,0,0,0,0,0,0,1,196,52,3,2,253,Rendah,Rendah
6,60,0,0,0,0,0,0,1,234,62,5,1,302,Rendah,Rendah
7,10,0,0,0,0,0,0,1,212,48,5,0,265,Rendah,Rendah
7,20,0,0,0,0,0,0,1,201,66,2,0,269,Rendah,Rendah
7,30,0,0,0,0,0,0,1,221,74,5,0,300,Rendah,Rendah
7,40,0,0,0,0,0,0,1,158,89,4,1,252,Rendah,Rendah
7,50,0,0,0,0,0,0,1,211,103,4,1,319,Rendah,Rendah
7,60,0,0,0,0,0,0,1,236,88,3,0,327,Rendah,Rendah
8,10,0,0,0,0,0,0,1,299,92,8,0,399,Rendah,Rendah
8,20,0,0,0,0,0,0,1,349,97,3,0,449,Rendah,Rendah
8,30,0,0,0,0,0,0,1,381,128,8,1,518,Rendah,Rendah
8,40,0,0,0,0,0,0,1,414,132,10,0,556,Sedang,Sedang
8,50,0,0,0,0,0,0,1,431,116,6,1,554,Sedang,Sedang
8,60,0,0,0,0,0,0,1,446,161,6,2,615,Sedang,Sedang
15,10,0,0,0,0,0,0,1,332,196,12,0,540,Rendah,Rendah
15,20,0,0,0,0,0,0,1,417,209,9,1,636,Rendah,Rendah
15,30,0,0,0,0,0,0,1,435,208,5,1,649,Rendah,Rendah
15,40,0,0,0,0,0,0,1,428,172,6,1,607,Rendah,Rendah
15,50,0,0,0,0,0,0,1,488,203,5,1,697,Rendah,Rendah
15,60,0,0,0,0,0,0,1,468,226,3,1,698,Rendah,Rendah
16,10,0,0,0,0,0,0,1,478,166,9,2,655,Rendah,Rendah
16,20,0,0,0,0,0,0,1,534,205,7,1,747,Rendah,Rendah
16,30,0,0,0,0,0,0,1,570,197,8,0,775,Rendah,Sedang
16,40,0,0,0,0,0,0,1,515,218,2,3,738,Rendah,Sedang
16,50,0,0,0,0,0,0,1,408,188,3,1,600,Rendah,Sedang
16,60,0,0,0,0,0,0,1,514,173,6,0,693,Rendah,Sedang
17,10,0,0,0,0,0,0,1,338,236,12,2,588,Sedang,Sedang
17,20,0,0,0,0,0,0,1,357,208,4,0,569,Sedang,Sedang
17,30,0,0,0,0,0,0,1,290,195,1,2,488,Sedang,Sedang
17,40,0,0,0,0,0,0,1,164,165,4,0,333,Sedang,Sedang
17,50,0,0,0,0,0,0,1,38,149,1,0,188,Rendah,Sedang
17,60,0,0,0,0,0,0,1,13,77,0,0,90,Rendah,Sedang
18,10,0,0,0,0,0,0,1,16,59,0,0,75,Sedang,Sedang
18,20,0,0,0,0,0,0,1,30,79,1,0,110,Rendah,Rendah
18,30,0,0,0,0,0,0,1,13,55,0,0,68,Rendah,Rendah
18,40,0,0,0,0,0,0,1,28,87,1,0,116,Rendah,Sedang
18,50,0,0,0,0,0,0,1,14,53,0,0,67,Rendah,Sedang
18,60,0,0,0,0,0,0,1,17,81,0,0,98,Sedang,Sedang
19,10,0,0,0,0,0,0,1,17,82,1,0,100,Sedang,Sedang
19,20,0,0,0,0,0,0,1,13,77,0,0,90,Sedang,Sedang
19,30,0,0,0,0,0,0,1,18,78,0,0,96,Rendah,Rendah
19,40,0,0,0,0,0,0,1,17,70,1,0,88,Rendah,Sedang
19,50,0,0,0,0,0,0,1,8,63,0,0,71,Rendah,Rendah
19,60,0,0,0,0,0,0,1,22,105,1,0,128,Rendah,Sedang
6,10,0,0,0,0,0,1,0,212,50,4,0,266,Rendah,Rendah
6,20,0,0,0,0,0,1,0,248,51,5,2,306,Rendah,Rendah
6,30,0,0,0,0,0,1,0,248,65,3,2,318,Rendah,Rendah
6,40,0,0,0,0,0,1,0,285,87,6,4,382,Rendah,Rendah
6,50,0,0,0,0,0,1,0,275,52,4,0,331,Rendah,Rendah
6,60,0,0,0,0,0,1,0,306,61,5,0,372,Rendah,Rendah
7,10,0,0,0,0,0,1,0,422,75,8,0,505,Rendah,Rendah
7,20,0,0,0,0,0,1,0,422,84,2,0,508,Rendah,Rendah
7,30,0,0,0,0,0,1,0,415,87,8,1,511,Rendah,Rendah
7,40,0,0,0,0,0,1,0,394,89,6,1,490,Rendah,Rendah
7,50,0,0,0,0,0,1,0,401,85,10,1,497,Rendah,Rendah
7,60,0,0,0,0,0,1,0,404,86,2,2,494,Rendah,Rendah
8,10,0,0,0,0,0,1,0,390,107,6,1,504,Rendah,Rendah
8,20,0,0,0,0,0,1,0,414,110,5,0,529,Rendah,Rendah
8,30,0,0,0,0,0,1,0,403,132,7,1,543,Rendah,Rendah
8,40,0,0,0,0,0,1,0,422,120,4,2,548,Rendah,Rendah
8,50,0,0,0,0,0,1,0,415,118,9,1,543,Rendah,Rendah
8,60,0,0,0,0,0,1,0,444,133,10,2,589,Rendah,Rendah
15,10,0,0,0,0,0,1,0,380,183,14,2,579,Rendah,Sedang
15,20,0,0,0,0,0,1,0,473,201,8,4,686,Rendah,Sedang
15,30,0,0,0,0,0,1,0,541,229,5,3,778,Rendah,Sedang
15,40,0,0,0,0,0,1,0,530,205,6,3,744,Rendah,Sedang
15,50,0,0,0,0,0,1,0,447,221,8,3,679,Rendah,Sedang
15,60,0,0,0,0,0,1,0,536,268,2,5,811,Rendah,Sedang
16,10,0,0,0,0,0,1,0,482,207,7,3,699,Rendah,Sedang
16,20,0,0,0,0,0,1,0,448,199,2,4,653,Rendah,Sedang
16,30,0,0,0,0,0,1,0,564,226,4,1,795,Rendah,Sedang
16,40,0,0,0,0,0,1,0,535,259,9,5,808,Rendah,Sedang
16,50,0,0,0,0,0,1,0,498,234,3,3,738,Rendah,Sedang
16,60,0,0,0,0,0,1,0,509,211,8,0,728,Rendah,Sedang
17,10,0,0,0,0,0,1,0,430,209,8,1,648,Rendah,Sedang
17,20,0,0,0,0,0,1,0,430,206,3,5,644,Rendah,Sedang
17,30,0,0,0,0,0,1,0,231,181,4,1,417,Rendah,Sedang
17,40,0,0,0,0,0,1,0,119,198,1,0,318,Rendah,Sedang
17,50,0,0,0,0,0,1,0,14,108,2,0,124,Rendah,Sedang
17,60,0,0,0,0,0,1,0,12,81,0,0,93,Tinggi,Tinggi
18,10,0,0,0,0,0,1,0,21,68,0,0,89,Sedang,Sedang
18,20,0,0,0,0,0,1,0,10,69,1,0,80,Sedang,Sedang
18,30,0,0,0,0,0,1,0,13,67,0,0,80,Sedang,Sedang
18,40,0,0,0,0,0,1,0,20,76,0,0,96,Sedang,Sedang
18,50,0,0,0,0,0,1,0,23,79,0,0,102,Rendah,Rendah
18,60,0,0,0,0,0,1,0,13,82,0,0,95,Rendah,Rendah
19,10,0,0,0,0,0,1,0,11,59,1,0,71,Rendah,Rendah
19,20,0,0,0,0,0,1,0,11,72,0,0,83,Rendah,Rendah
19,30,0,0,0,0,0,1,0,35,113,0,0,148,Rendah,Rendah
19,40,0,0,0,0,0,1,0,20,87,0,0,107,Rendah,Rendah
19,50,0,0,0,0,0,1,0,22,67,0,0,89,Sedang,Sedang
19,60,0,0,0,0,0,1,0,28,99,1,0,128,Rendah,Rendah
6,10,0,0,0,1,0,0,0,345,74,3,1,423,Rendah,Rendah
6,20,0,0,0,1,0,0,0,428,77,4,1,510,Rendah,Rendah
6,30,0,0,0,1,0,0,0,482,90,10,3,585,Rendah,Rendah
6,40,0,0,0,1,0,0,0,509,83,2,2,596,Rendah,Rendah
6,50,0,0,0,1,0,0,0,528,98,6,2,634,Rendah,Rendah
6,60,0,0,0,1,0,0,0,590,93,6,0,689,Rendah,Rendah
7,10,0,0,0,1,0,0,0,663,101,8,4,776,Rendah,Rendah
7,20,0,0,0,1,0,0,0,720,111,9,2,842,Sedang,Sedang
7,30,0,0,0,1,0,0,0,719,124,8,3,854,Sedang,Sedang
7,40,0,0,0,1,0,0,0,596,138,6,0,740,Sedang,Sedang
7,50,0,0,0,1,0,0,0,657,139,5,3,804,Rendah,Sedang
7,60,0,0,0,1,0,0,0,557,150,3,2,712,Sedang,Sedang
8,10,0,0,0,1,0,0,0,456,123,6,3,588,Sedang,Sedang
8,20,0,0,0,1,0,0,0,475,139,2,0,616,Tinggi,Tinggi
8,30,0,0,0,1,0,0,0,499,118,6,1,624,Sedang,Sedang
8,40,0,0,0,1,0,0,0,479,157,13,2,651,Sedang,Sedang
8,50,0,0,0,1,0,0,0,436,132,3,2,573,Sedang,Sedang
8,60,0,0,0,1,0,0,0,502,145,5,4,656,Sedang,Sedang
15,10,0,0,0,1,0,0,0,586,234,9,4,833,Rendah,Rendah
15,20,0,0,0,1,0,0,0,590,222,9,3,824,Rendah,Rendah
15,30,0,0,0,1,0,0,0,490,233,4,0,727,Rendah,Sedang
15,40,0,0,0,1,0,0,0,601,201,5,2,809,Rendah,Rendah
15,50,0,0,0,1,0,0,0,583,254,11,3,851,Rendah,Sedang
15,60,0,0,0,1,0,0,0,579,219,7,0,805,Rendah,Sedang
16,10,0,0,0,1,0,0,0,653,221,5,2,881,Rendah,Rendah
16,20,0,0,0,1,0,0,0,726,254,15,2,997,Rendah,Rendah
16,30,0,0,0,1,0,0,0,704,245,4,1,954,Rendah,Rendah
16,40,0,0,0,1,0,0,0,733,234,4,2,973,Rendah,Sedang
16,50,0,0,0,1,0,0,0,769,268,4,1,1042,Rendah,Sedang
16,60,0,0,0,1,0,0,0,695,246,4,6,951,Rendah,Sedang
17,10,0,0,0,1,0,0,0,579,230,6,2,817,Rendah,Sedang
17,20,0,0,0,1,0,0,0,631,242,6,1,880,Sedang,Sedang
17,30,0,0,0,1,0,0,0,514,284,4,2,804,Tinggi,Tinggi
17,40,0,0,0,1,0,0,0,300,296,3,2,601,Sedang,Sedang
17,50,0,0,0,1,0,0,0,55,199,0,1,255,Sedang,Sedang
17,60,0,0,0,1,0,0,0,45,133,2,0,180,Sedang,Sedang
18,10,0,0,0,1,0,0,0,18,92,0,0,110,Rendah,Sedang
18,20,0,0,0,1,0,0,0,22,98,1,0,121,Rendah,Sedang
18,30,0,0,0,1,0,0,0,18,80,0,0,98,Sedang,Sedang
18,40,0,0,0,1,0,0,0,26,73,1,0,100,Sedang,Sedang
18,50,0,0,0,1,0,0,0,34,109,0,0,143,Sedang,Sedang
18,60,0,0,0,1,0,0,0,19,79,0,0,98,Sedang,Sedang
19,10,0,0,0,1,0,0,0,10,88,0,0,98,Sedang,Sedang
19,20,0,0,0,1,0,0,0,20,99,1,0,120,Sedang,Sedang
19,30,0,0,0,1,0,0,0,14,65,0,0,79,Rendah,Sedang
19,40,0,0,0,1,0,0,0,18,70,1,0,89,Rendah,Sedang
19,50,0,0,0,1,0,0,0,12,77,0,0,89,Sedang,Sedang
19,60,0,0,0,1,0,0,0,29,77,3,0,109,Rendah,Sedang
6,10,0,1,0,0,0,0,0,291,75,3,2,371,Rendah,Rendah
6,20,0,1,0,0,0,0,0,456,71,8,1,536,Rendah,Rendah
6,30,0,1,0,0,0,0,0,495,87,3,2,587,Rendah,Rendah
6,40,0,1,0,0,0,0,0,459,105,8,1,573,Rendah,Rendah
6,60,0,1,0,0,0,0,0,658,107,11,1,777,Rendah,Sedang
7,10,0,1,0,0,0,0,0,654,119,5,2,780,Rendah,Sedang
7,30,0,1,0,0,0,0,0,839,168,8,2,1017,Rendah,Sedang
7,40,0,1,0,0,0,0,0,668,113,10,2,793,Rendah,Sedang
7,50,0,1,0,0,0,0,0,704,129,7,1,841,Rendah,Sedang
7,60,0,1,0,0,0,0,0,705,148,8,3,864,Rendah,Sedang
8,10,0,1,0,0,0,0,0,528,142,5,0,675,Rendah,Sedang
8,20,0,1,0,0,0,0,0,498,146,6,1,651,Rendah,Sedang
8,30,0,1,0,0,0,0,0,521,128,7,6,662,Rendah,Sedang
8,40,0,1,0,0,0,0,0,545,161,7,4,717,Rendah,Sedang
8,50,0,1,0,0,0,0,0,525,150,10,4,689,Rendah,Sedang
8,60,0,1,0,0,0,0,0,548,154,8,3,713,Rendah,Rendah
15,10,0,1,0,0,0,0,0,525,218,17,0,760,Rendah,Rendah
15,20,0,1,0,0,0,0,0,494,226,7,6,733,Rendah,Rendah
15,30,0,1,0,0,0,0,0,670,232,13,4,919,Rendah,Rendah
15,40,0,1,0,0,0,0,0,679,245,12,5,941,Rendah,Rendah
15,50,0,1,0,0,0,0,0,704,241,5,9,959,Rendah,Rendah
15,60,0,1,0,0,0,0,0,619,222,10,4,855,Rendah,Rendah
16,10,0,1,0,0,0,0,0,715,243,8,10,976,Rendah,Rendah
16,20,0,1,0,0,0,0,0,752,251,3,3,1009,Rendah,Rendah
16,30,0,1,0,0,0,0,0,828,227,6,4,1065,Rendah,Rendah
16,40,0,1,0,0,0,0,0,800,257,5,5,1067,Rendah,Rendah
16,50,0,1,0,0,0,0,0,875,275,7,6,1163,Rendah,Rendah
16,60,0,1,0,0,0,0,0,850,228,7,3,1088,Rendah,Rendah
17,10,0,1,0,0,0,0,0,570,217,4,5,796,Sedang,Sedang
17,20,0,1,0,0,0,0,0,527,268,5,3,803,Sedang,Sedang
17,30,0,1,0,0,0,0,0,147,218,4,1,370,Tinggi,Tinggi
17,40,0,1,0,0,0,0,0,50,203,0,1,254,Tinggi,Tinggi
17,50,0,1,0,0,0,0,0,43,156,1,0,200,Tinggi,Tinggi
17,60,0,1,0,0,0,0,0,44,136,0,0,180,Sedang,Sedang
18,10,0,1,0,0,0,0,0,51,145,2,0,198,Rendah,Sedang
18,20,0,1,0,0,0,0,0,31,114,0,0,145,Sedang,Sedang
18,30,0,1,0,0,0,0,0,20,90,2,0,112,Sedang,Sedang
18,40,0,1,0,0,0,0,0,17,69,0,0,86,Rendah,Sedang
18,50,0,1,0,0,0,0,0,15,99,0,0,114,Sedang,Sedang
18,60,0,1,0,0,0,0,0,28,94,0,0,122,Sedang,Sedang
19,10,0,1,0,0,0,0,0,13,68,1,0,82,Tinggi,Tinggi
19,20,0,1,0,0,0,0,0,28,68,2,0,98,Rendah,Rendah
19,30,0,1,0,0,0,0,0,26,83,2,0,111,Sedang,Sedang
19,40,0,1,0,0,0,0,0,17,62,0,0,79,Rendah,Sedang
19,50,0,1,0,0,0,0,0,19,86,0,0,105,Rendah,Rendah
19,60,0,1,0,0,0,0,0,24,69,1,0,94,Sedang,Sedang
6,10,1,0,0,0,0,0,0,289,61,3,4,357,Rendah,Rendah
6,20,1,0,0,0,0,0,0,425,74,1,0,500,Rendah,Rendah
6,30,1,0,0,0,0,0,0,485,72,3,0,560,Rendah,Rendah
6,40,1,0,0,0,0,0,0,666,90,8,2,766,Rendah,Rendah
6,50,1,0,0,0,0,0,0,579,99,4,1,683,Rendah,Rendah
6,60,1,0,0,0,0,0,0,675,96,8,2,781,Rendah,Rendah
7,10,1,0,0,0,0,0,0,678,110,7,1,796,Rendah,Sedang
7,20,1,0,0,0,0,0,0,815,104,8,5,932,Rendah,Sedang
7,50,1,0,0,0,0,0,0,782,131,9,3,925,Rendah,Sedang
6,30,0,0,0,0,1,0,0,397,69,5,1,472,Rendah,Rendah
6,40,0,0,0,0,1,0,0,397,77,4,2,480,Rendah,Rendah
6,50,0,0,0,0,1,0,0,411,89,5,3,508,Rendah,Rendah
6,60,0,0,0,0,1,0,0,447,81,2,1,531,Rendah,Rendah
7,10,0,0,0,0,1,0,0,477,86,11,1,575,Rendah,Rendah
7,20,0,0,0,0,1,0,0,423,94,6,1,524,Rendah,Rendah
7,30,0,0,0,0,1,0,0,485,118,7,3,613,Sedang,Sedang
7,40,0,0,0,0,1,0,0,493,97,5,4,599,Rendah,Rendah
7,50,0,0,0,0,1,0,0,582,117,8,2,709,Sedang,Sedang
7,60,0,0,0,0,1,0,0,663,136,4,2,805,Sedang,Sedang
8,10,0,0,0,0,1,0,0,571,141,12,2,726,Sedang,Sedang
8,20,0,0,0,0,1,0,0,533,128,8,4,673,Sedang,Sedang
8,30,0,0,0,0,1,0,0,601,179,12,2,794,Rendah,Sedang
8,40,0,0,0,0,1,0,0,615,189,12,4,820,Rendah,Sedang
8,50,0,0,0,0,1,0,0,556,141,6,2,705,Rendah,Sedang
8,60,0,0,0,0,1,0,0,534,152,6,5,697,Rendah,Sedang
15,10,0,0,0,0,1,0,0,426,259,8,2,695,Rendah,Rendah
15,20,0,0,0,0,1,0,0,517,208,4,2,731,Rendah,Rendah
15,30,0,0,0,0,1,0,0,620,261,9,7,897,Rendah,Rendah
15,40,0,0,0,0,1,0,0,723,255,6,5,989,Rendah,Rendah
15,50,0,0,0,0,1,0,0,613,259,5,11,888,Rendah,Rendah
15,60,0,0,0,0,1,0,0,639,276,3,3,921,Rendah,Rendah
16,10,0,0,0,0,1,0,0,719,271,8,3,1001,Rendah,Rendah
16,20,0,0,0,0,1,0,0,688,263,4,7,962,Rendah,Rendah
16,30,0,0,0,0,1,0,0,637,236,4,3,880,Rendah,Rendah
16,40,0,0,0,0,1,0,0,812,216,4,5,1037,Rendah,Rendah
16,50,0,0,0,0,1,0,0,629,249,6,1,885,Rendah,Rendah
16,60,0,0,0,0,1,0,0,545,237,3,1,786,Rendah,Rendah
17,10,0,0,0,0,1,0,0,503,238,3,5,749,Rendah,Sedang
17,20,0,0,0,0,1,0,0,374,247,2,2,625,Rendah,Rendah
17,30,0,0,0,0,1,0,0,249,221,4,0,474,Rendah,Sedang
17,40,0,0,0,0,1,0,0,37,165,0,0,202,Sedang,Sedang
17,50,0,0,0,0,1,0,0,26,123,1,0,150,Sedang,Sedang
17,60,0,0,0,0,1,0,0,16,111,0,0,127,Rendah,Rendah
18,10,0,0,0,0,1,0,0,19,92,0,0,111,Sedang,Sedang
18,20,0,0,0,0,1,0,0,18,77,2,0,97,Sedang,Sedang
18,30,0,0,0,0,1,0,0,22,86,0,0,108,Rendah,Rendah
18,40,0,0,0,0,1,0,0,23,98,0,0,121,Sedang,Sedang
18,50,0,0,0,0,1,0,0,33,91,0,0,124,Sedang,Sedang
18,60,0,0,0,0,1,0,0,24,101,1,0,126,Sedang,Sedang
19,10,0,0,0,0,1,0,0,22,81,0,0,103,Sedang,Sedang
19,20,0,0,0,0,1,0,0,14,97,0,0,111,Rendah,Rendah
19,30,0,0,0,0,1,0,0,14,107,1,0,122,Sedang,Sedang
19,40,0,0,0,0,1,0,0,20,68,0,0,88,Sedang,Sedang
19,50,0,0,0,0,1,0,0,17,106,0,0,123,Sedang,Sedang
19,60,0,0,0,0,1,0,0,21,120,0,0,141,Sedang,Sedang
6,10,0,0,1,0,0,0,0,336,88,7,3,434,Rendah,Rendah
6,20,0,0,1,0,0,0,0,371,100,6,1,478,Rendah,Rendah
6,30,0,0,1,0,0,0,0,411,112,8,0,531,Rendah,Rendah
6,40,0,0,1,0,0,0,0,473,122,8,2,605,Rendah,Rendah
6,50,0,0,1,0,0,0,0,417,113,4,1,535,Rendah,Rendah
6,60,0,0,1,0,0,0,0,386,123,10,0,519,Rendah,Rendah
7,10,0,0,1,0,0,0,0,344,116,3,1,464,Rendah,Rendah
7,20,0,0,1,0,0,0,0,313,100,5,1,419,Rendah,Rendah
7,30,0,0,1,0,0,0,0,317,128,10,4,459,Rendah,Rendah
7,40,0,0,1,0,0,0,0,251,129,8,1,389,Rendah,Rendah
7,50,0,0,1,0,0,0,0,302,160,4,0,466,Rendah,Rendah
7,60,0,0,1,0,0,0,0,394,184,5,3,586,Rendah,Rendah
8,10,0,0,1,0,0,0,0,402,171,8,3,584,Sedang,Sedang
8,20,0,0,1,0,0,0,0,347,154,10,0,511,Rendah,Rendah
8,30,0,0,1,0,0,0,0,395,190,9,0,594,Rendah,Rendah
8,40,0,0,1,0,0,0,0,450,206,10,0,666,Rendah,Rendah
8,50,0,0,1,0,0,0,0,523,195,5,1,724,Rendah,Rendah
8,60,0,0,1,0,0,0,0,585,224,4,3,816,Sedang,Sedang
15,10,0,0,1,0,0,0,0,443,214,13,3,673,Sedang,Sedang
15,20,0,0,1,0,0,0,0,516,231,14,1,762,Sedang,Sedang
15,30,0,0,1,0,0,0,0,570,178,6,0,754,Sedang,Sedang
15,40,0,0,1,0,0,0,0,496,246,11,0,753,Sedang,Sedang
15,50,0,0,1,0,0,0,0,515,228,6,0,749,Rendah,Rendah
15,60,0,0,1,0,0,0,0,602,231,11,1,845,Sedang,Sedang
16,10,0,0,1,0,0,0,0,515,203,7,0,725,Rendah,Rendah
16,20,0,0,1,0,0,0,0,502,210,3,1,716,Rendah,Rendah
16,30,0,0,1,0,0,0,0,606,218,8,2,834,Sedang,Sedang
16,40,0,0,1,0,0,0,0,506,194,6,0,706,Sedang,Sedang
16,50,0,0,1,0,0,0,0,590,242,8,1,841,Sedang,Sedang
16,60,0,0,1,0,0,0,0,438,197,2,2,639,Rendah,Rendah
17,10,0,0,1,0,0,0,0,447,202,9,3,661,Sedang,Sedang
17,20,0,0,1,0,0,0,0,424,199,8,1,632,Rendah,Rendah
17,30,0,0,1,0,0,0,0,291,219,6,3,519,Sedang,Sedang
17,40,0,0,1,0,0,0,0,120,161,0,1,282,Rendah,Rendah
17,50,0,0,1,0,0,0,0,33,142,1,0,176,Tinggi,Tinggi
17,60,0,0,1,0,0,0,0,13,73,0,0,86,Rendah,Rendah
18,10,0,0,1,0,0,0,0,20,70,1,0,91,Sedang,Sedang
18,20,0,0,1,0,0,0,0,25,82,0,0,107,Rendah,Sedang
18,30,0,0,1,0,0,0,0,20,83,0,0,103,Rendah,Sedang
18,40,0,0,1,0,0,0,0,23,81,0,0,104,Sedang,Sedang
18,50,0,0,1,0,0,0,0,15,106,1,0,122,Rendah,Sedang
18,60,0,0,1,0,0,0,0,12,63,1,0,76,Rendah,Sedang
19,10,0,0,1,0,0,0,0,24,87,0,0,111,Sedang,Sedang
19,20,0,0,1,0,0,0,0,23,100,0,0,123,Rendah,Sedang
19,30,0,0,1,0,0,0,0,19,90,0,0,109,Rendah,Sedang
19,40,0,0,1,0,0,0,0,21,82,2,0,105,Sedang,Sedang
19,50,0,0,1,0,0,0,0,18,87,0,0,105,Sedang,Sedang
19,60,0,0,1,0,0,0,0,28,111,2,0,141,Rendah,Rendah
